seen,owner,submission,created,overall_accuracy,generalunderstand_accuracy,objectlandcover_accuracy,changedetection_accuracy,temporalgrounding_accuracy,trendpattern_accuracy,geometricrelation_accuracy,structurallayout_accuracy,perspectiveviewpoint_accuracy,causation_accuracy,consequence_accuracy,hypothetical_accuracy
2026-10-06T23:22:20Z,mkhlystun,963393,2026-10-06T00:38:10.822227Z,0.8735,0.9833,0.8545,0.806,0.8422,0.8944,0.8775,0.8765,0.9,0.9556,0.94,0.8875
2026-10-06T23:22:20Z,h,963638,2026-10-06T03:24:15.627670Z,0.862,0.9889,0.8758,0.794,0.7922,0.8667,0.8775,0.8647,0.8792,0.9333,0.98,0.8938
2026-10-06T23:22:20Z,amirmazaheri,963988,2026-10-06T06:28:06.943556Z,0.8313,0.95,0.853,0.772,0.7922,0.8667,0.7825,0.8235,0.8333,0.9167,0.94,0.8375
2026-10-06T23:22:20Z,minh_leduc,955839,2026-10-02T01:38:17.926957Z,0.8257,0.9722,0.8212,0.75,0.7578,0.8222,0.8525,0.8471,0.8229,0.95,0.95,0.875
2026-10-06T23:22:20Z,Hoang Bui,964287,2026-10-06T08:52:39.691418Z,0.6725,0.9667,0.7788,0.628,0.4281,0.7028,0.6825,0.6971,0.5667,0.8778,0.9,0.8187
2026-10-06T23:22:20Z,chrisathy,952753,2026-09-30T03:35:32.434215Z,0.2515,0.2444,0.2576,0.246,0.2234,0.2444,0.2775,0.2441,0.2625,0.2722,0.26,0.2687
2026-10-07T01:08:23Z,Hoang Bui,965760,2026-10-07T00:47:02.639722Z,0.6793,0.9667,0.7818,0.634,0.4469,0.7083,0.6875,0.6882,0.5813,0.8833,0.9,0.825
2026-10-07T06:38:11Z,h,966239,2026-10-07T06:30:12.255395Z,0.8625,0.9889,0.8727,0.792,0.7937,0.8667,0.8825,0.8676,0.8812,0.9333,0.97,0.9
2026-10-07T12:09:05Z,StagAI,966854,2026-10-07T11:48:18.504026Z,0.7177,0.95,0.7833,0.688,0.5031,0.7667,0.7625,0.7706,0.5708,0.9222,0.96,0.8625
2026-10-07T18:12:49Z,mkhlystun,967457,2026-10-07T17:59:27.936282Z,0.876,0.9833,0.8682,0.818,0.8281,0.8833,0.8975,0.8765,0.8958,0.95,0.97,0.8875
2026-10-07T19:13:37Z,mkhlystun,967495,2026-10-07T18:53:19.766755Z,0.8795,0.9833,0.8818,0.816,0.8344,0.8833,0.8925,0.8824,0.9,0.9444,0.98,0.8875
2026-10-08T04:32:28Z,Vincente,968233,2026-10-08T04:25:24.133028Z,0.8355,0.9778,0.8227,0.784,0.7594,0.8194,0.87,0.8853,0.8292,0.95,0.93,0.8688
